{
    "Author": "LUCAS GRENECHE",
    "Scored time": "2026-05-11-59-48",
    "Score": [
        {
            "instance_id": 9,
            "runtime": 0.18150091171264648,
            "distance": 165.25163395261697,
            "time_step": 18.0,
            "goal_rate": 1.0,
            "goal_count": 2,
            "subtotal_cost": 41.0
        },
        {
            "instance_id": 11,
            "runtime": 0.141046404838562,
            "distance": 786.1974152237324,
            "time_step": 45.0,
            "goal_rate": 1.0,
            "goal_count": 2,
            "subtotal_cost": 162.0
        },
        {
            "instance_id": 30,
            "runtime": 5.601176977157593,
            "distance": 2734.176120732826,
            "time_step": 97.0,
            "goal_rate": 1.0,
            "goal_count": 2,
            "subtotal_cost": 603.0
        }
    ],
    "final cost": 806.0
}